{"min_lon": 46.633667855, "max_lon": 46.664033863999975, "min_lat": 24.720509847000017, "max_lat": 24.74454646800001}